[
    {
        "model": "qs.tag",
        "pk": 1,
        "fields": {
            "name": "Burger"
        }
    },
    {
        "model": "qs.tag",
        "pk": 2,
        "fields": {
            "name": "Drink"
        }
    },
    {
        "model": "qs.tag",
        "pk": 3,
        "fields": {
            "name": "Snack"
        }
    },
    {
        "model": "qs.tag",
        "pk": 4,
        "fields": {
            "name": "Sauce"
        }
    },
    {
        "model": "qs.tag",
        "pk": 5,
        "fields": {
            "name": "Meat"
        }
    },
    {
        "model": "qs.tag",
        "pk": 6,
        "fields": {
            "name": "Dessert"
        }
    },
    {
        "model": "qs.article",
        "pk": 1,
        "fields": {
            "name": "BigMac",
            "image": "bigmac.jpg",
            "description": "A classic",
            "price": 6,
            "owner": 7,
            "tag": [
                1,
                5
            ]
        }
    },
    {
        "model": "qs.article",
        "pk": 2,
        "fields": {
            "name": "McFlurry",
            "image": "mcflurry.jpg",
            "description": "An ice cream",
            "price": 3,
            "owner": 7,
            "tag": [
                6
            ]
        }
    },
    {
        "model": "qs.article",
        "pk": 3,
        "fields": {
            "name": "Coca cola",
            "image": "cocacola.jpg",
            "description": "The Americans love it",
            "price": 1,
            "owner": 7,
            "tag": [
                2
            ]
        }
    },
    {
        "model": "qs.article",
        "pk": 4,
        "fields": {
            "name": "Apple Pie",
            "image": "applepie.jpg",
            "description": "Can't believe Mc Donald serves this",
            "price": 2,
            "owner": 7,
            "tag": [
                6
            ]
        }
    },
    {
        "model": "qs.article",
        "pk": 5,
        "fields": {
            "name": "McChicken",
            "image": "mcchicken.jpg",
            "description": "Chicken sandwhich",
            "price": 4,
            "owner": 7,
            "tag": [
                1,
                5
            ]
        }
    },
    {
        "model": "qs.article",
        "pk": 6,
        "fields": {
            "name": "Whooper",
            "image": "whooper.jpg",
            "description": "This is a whooper",
            "price": 7,
            "owner": 6,
            "tag": [
                1,
                5
            ]
        }
    },
    {
        "model": "qs.article",
        "pk": 7,
        "fields": {
            "name": "Chicken nuggets",
            "image": "chickennuggets.jpg",
            "description": "Miam",
            "price": 6,
            "owner": 6,
            "tag": [
                3,
                5
            ]
        }
    },
    {
        "model": "qs.article",
        "pk": 8,
        "fields": {
            "name": "Fries",
            "image": "fries.jpg",
            "description": "Can't skip fries",
            "price": 2,
            "owner": 6,
            "tag": [
                3
            ]
        }
    },
    {
        "model": "qs.article",
        "pk": 9,
        "fields": {
            "name": "Pepsi",
            "image": "pepsi.png",
            "description": "Not Coca cola",
            "price": 1,
            "owner": 6,
            "tag": [
                2
            ]
        }
    },
    {
        "model": "qs.article",
        "pk": 10,
        "fields": {
            "name": "Ribs",
            "image": "ribs.jpg",
            "description": "It's some ribs",
            "price": 13,
            "owner": 8,
            "tag": [
                5
            ]
        }
    },
    {
        "model": "qs.article",
        "pk": 11,
        "fields": {
            "name": "Barbecue sauce",
            "image": "barbecuesauce.jpg",
            "description": "Add it to your ribs",
            "price": 0,
            "owner": 8,
            "tag": [
                4
            ]
        }
    },
    {
        "model": "qs.article",
        "pk": 12,
        "fields": {
            "name": "Ice tea",
            "image": "icetea.jpg",
            "description": "The only thing cold here",
            "price": 1,
            "owner": 8,
            "tag": [
                2
            ]
        }
    },
    {
        "model": "qs.article",
        "pk": 13,
        "fields": {
            "name": "Steak",
            "image": "steak.jpg",
            "description": "It's juicy",
            "price": 4,
            "owner": 8,
            "tag": [
                5
            ]
        }
    },
    {
        "model": "qs.article",
        "pk": 14,
        "fields": {
            "name": "Pulled pork burger",
            "image": "pulledporkburger.jpg",
            "description": "Greasy",
            "price": 3,
            "owner": 8,
            "tag": [
                1,
                5
            ]
        }
    },
    {
        "model": "qs.menu",
        "pk": 1,
        "fields": {
            "name": "McChicken menu",
            "image": "m_mcchicken.jpg",
            "description": "A McChicken, McFlurry and a Coca cola",
            "price": 9,
            "choice": [],
            "tag": [
                1,
                2,
                5,
                6
            ]
        }
    },
    {
        "model": "qs.menu",
        "pk": 2,
        "fields": {
            "name": "BigMac menu",
            "image": "m_bigmac.jpg",
            "description": "A BigMac, McFlurry and a Coca cola",
            "price": 10,
            "choice": [],
            "tag": [
                1,
                2,
                5,
                6
            ]
        }
    },
    {
        "model": "qs.menu",
        "pk": 3,
        "fields": {
            "name": "Whooper menu",
            "image": "m_whooper.jpg",
            "description": "A Whooper, fries and a Pespi",
            "price": 8,
            "choice": [],
            "tag": [
                1,
                2,
                3,
                5
            ]
        }
    },
    {
        "model": "qs.menu",
        "pk": 4,
        "fields": {
            "name": "Chicken nuggets menu",
            "image": "m_chickennuggets.jpg",
            "description": "A Chicken nuggets, Fries and a Pepsi",
            "price": 7,
            "choice": [],
            "tag": [
                1,
                2,
                3,
                5
            ]
        }
    },
    {
        "model": "qs.menu",
        "pk": 5,
        "fields": {
            "name": "Barbecue Ribs",
            "image": "m_barbecueribs.jpg",
            "description": "Ribs with barbecue sauce",
            "price": 13,
            "choice": [],
            "tag": [
                4,
                5
            ]
        }
    },
    {
        "model": "qs.menu",
        "pk": 6,
        "fields": {
            "name": "Pulled pork burger menu",
            "image": "m_pulledporkburger.jpg",
            "description": "A Pulled pork burger with barbecue sauce and an Ice Tea",
            "price": 4,
            "choice": [],
            "tag": [
                1,
                4,
                5
            ]
        }
    },
    {
        "model": "qs.menu",
        "pk": 7,
        "fields": {
            "name": "Steak and ribs menu",
            "image": "m_steakandribs.jpg",
            "description": "A steak and ribs with barbecue sauce and an Ice Tea",
            "price": 19,
            "choice": [],
            "tag": [
                4,
                5
            ]
        }
    },
    {
        "model": "qs.user",
        "pk": 1,
        "fields": {
            "password": "pbkdf2_sha256$390000$f8kmAJkfJOs6HgiM0AGAxI$dNTJfQfmm2SVRUqSu6mBoca61fc3jZVzwef6PqQTei4=",
            "last_login": "2022-09-03T14:13:29.666Z",
            "is_superuser": false,
            "username": "Deconsenry",
            "first_name": "Jacques",
            "last_name": "Sabourin",
            "email": "JacquesSabourin@rhyta.com",
            "is_staff": false,
            "is_active": true,
            "date_joined": "2022-09-03T14:13:05.241Z",
            "town": "PONTAULT-COMBAULT",
            "country": "France",
            "street": "88, rue de la Boétie",
            "avatar": null,
            "banner": null,
            "role": 0,
            "groups": [],
            "user_permissions": [],
            "articles": [],
            "menus": []
        }
    },
    {
        "model": "qs.user",
        "pk": 2,
        "fields": {
            "password": "pbkdf2_sha256$390000$SgW5EXhbx3RKF5ICcfgdDH$aKqWsc82JE9L4OpJQ9pTRK/X5uxfzxY2l+LENADEHz8=",
            "last_login": null,
            "is_superuser": false,
            "username": "Bable1977",
            "first_name": "Porter",
            "last_name": "Cartier",
            "email": "PorterCartier@armyspy.com",
            "is_staff": false,
            "is_active": true,
            "date_joined": "2022-09-03T14:15:03.908Z",
            "town": "MEUDON-LA-FORÊT",
            "country": "France",
            "street": "87, Rue St Ferréol",
            "avatar": null,
            "banner": null,
            "role": 0,
            "groups": [],
            "user_permissions": [],
            "articles": [],
            "menus": []
        }
    },
    {
        "model": "qs.user",
        "pk": 3,
        "fields": {
            "password": "pbkdf2_sha256$390000$zFTMHNMfdXcuFavt91cPic$pudFSKohhJWXsaR1IaCin4iakz2NhVBVk2R7pq1dvv8=",
            "last_login": null,
            "is_superuser": false,
            "username": "Recove",
            "first_name": "Soren",
            "last_name": "Authier",
            "email": "SorenAuthier@teleworm.us",
            "is_staff": false,
            "is_active": true,
            "date_joined": "2022-09-03T14:15:55.752Z",
            "town": "GOUSSAINVILLE",
            "country": "France",
            "street": "61, rue Jean-Monnet",
            "avatar": null,
            "banner": null,
            "role": 0,
            "groups": [],
            "user_permissions": [],
            "articles": [],
            "menus": []
        }
    },
    {
        "model": "qs.user",
        "pk": 4,
        "fields": {
            "password": "pbkdf2_sha256$390000$ai6H86BRtByG97islt8Pzu$TMijYOZVlL0hNJnmX0CaSTeM0W0frUQYb8uY2vC8RA8=",
            "last_login": null,
            "is_superuser": false,
            "username": "Boyer1937",
            "first_name": "Durandana",
            "last_name": "Lachance",
            "email": "DurandanaLachance@jourrapide.com",
            "is_staff": false,
            "is_active": true,
            "date_joined": "2022-09-03T14:16:23.978Z",
            "town": "LE ROBERT",
            "country": "France",
            "street": "2, rue Adolphe Wurtz",
            "avatar": null,
            "banner": null,
            "role": 0,
            "groups": [],
            "user_permissions": [],
            "articles": [],
            "menus": []
        }
    },
    {
        "model": "qs.user",
        "pk": 5,
        "fields": {
            "password": "pbkdf2_sha256$390000$ceQyMW0yEE8WutF3PaHozr$x85EqWDS2HOhHl2Zyn3BREuvmQLiboap3B/kKM9tBIg=",
            "last_login": null,
            "is_superuser": false,
            "username": "Pith1944",
            "first_name": "Roxanne",
            "last_name": "Lafond",
            "email": "RoxanneLafond@armyspy.com",
            "is_staff": false,
            "is_active": true,
            "date_joined": "2022-09-03T14:16:49.847Z",
            "town": "CHOISY-LE-ROI",
            "country": "France",
            "street": "74, rue Ernest Renan",
            "avatar": null,
            "banner": null,
            "role": 0,
            "groups": [],
            "user_permissions": [],
            "articles": [],
            "menus": []
        }
    },
    {
        "model": "qs.user",
        "pk": 6,
        "fields": {
            "password": "pbkdf2_sha256$390000$Dlsozcfth5I3uK6OGIiLmg$HVmUrIAiH/rSjPn/8vc9LS52+tQ5vAG4/OOZzCUU/Sc=",
            "last_login": null,
            "is_superuser": false,
            "username": "Burger King",
            "first_name": "Burger",
            "last_name": "King",
            "email": "burgerking@gmail.com",
            "is_staff": false,
            "is_active": true,
            "date_joined": "2022-09-03T14:17:14.643Z",
            "town": "VÉNISSIEUX",
            "country": "France",
            "street": "37, boulevard d'Alsace",
            "avatar": null,
            "banner": null,
            "role": 1,
            "groups": [],
            "user_permissions": [],
            "articles": [
                8,
                9,
                6,
                7
            ],
            "menus": [
                3,
                4
            ]
        }
    },
    {
        "model": "qs.user",
        "pk": 7,
        "fields": {
            "password": "pbkdf2_sha256$390000$WOfE0dFp1erxlv2a09CB9K$8vDdh6KOGpD8pov9TKTFOB6TuDiuFjD6vd3pPCTFYPA=",
            "last_login": null,
            "is_superuser": false,
            "username": "McDonalds",
            "first_name": "Mc",
            "last_name": "Donalds",
            "email": "mcdonalds@gmail.com",
            "is_staff": false,
            "is_active": true,
            "date_joined": "2022-09-03T14:17:45.486Z",
            "town": "LE MANS",
            "country": "France",
            "street": "79, rue Goya",
            "avatar": null,
            "banner": null,
            "role": 1,
            "groups": [],
            "user_permissions": [],
            "articles": [
                1,
                2,
                3,
                4,
                5
            ],
            "menus": [
                1,
                2
            ]
        }
    },
    {
        "model": "qs.user",
        "pk": 8,
        "fields": {
            "password": "pbkdf2_sha256$390000$ugnLpaZcN6vUYpO8BlTP8l$UWdSnlQZY8BLTRtYdjbqqSoMwdrC9+9c2V4F3Xdb4/o=",
            "last_login": null,
            "is_superuser": false,
            "username": "Buffalo Grill",
            "first_name": "Buffalo",
            "last_name": "Grill",
            "email": "buffalogrill@gmail.com",
            "is_staff": false,
            "is_active": true,
            "date_joined": "2022-09-03T14:18:11.920Z",
            "town": "LE MANS",
            "country": "France",
            "street": "40, Chemin Des Bateliers",
            "avatar": null,
            "banner": null,
            "role": 1,
            "groups": [],
            "user_permissions": [],
            "articles": [
                10,
                11,
                12,
                13,
                14
            ],
            "menus": [
                5,
                6,
                7
            ]
        }
    },
    {
        "model": "qs.user",
        "pk": 9,
        "fields": {
            "password": "pbkdf2_sha256$390000$1KqhK5MdLErcwKTWWMkt9F$wUTNlHbgWITMgvMkwfyfd2NI5B5SenwvzkzIWFIFKNM=",
            "last_login": "2022-09-10T10:20:41.142Z",
            "is_superuser": true,
            "username": "qs_admin",
            "first_name": "",
            "last_name": "",
            "email": "quacksnack@quack.snack",
            "is_staff": true,
            "is_active": true,
            "date_joined": "2022-09-05T17:07:37.998Z",
            "town": null,
            "country": null,
            "street": null,
            "avatar": null,
            "banner": null,
            "role": null,
            "groups": [],
            "user_permissions": [],
            "articles": [],
            "menus": []
        }
    },
    {
        "model": "qs.order",
        "pk": 1,
        "fields": {
            "status": "1",
            "date": "2022-06-03T15:47:46.315Z",
            "cost": 19,
            "client": 1,
            "articles": [],
            "menus": [
                7
            ]
        }
    },
    {
        "model": "qs.order",
        "pk": 2,
        "fields": {
            "status": "2",
            "date": "2022-06-03T15:47:46.315Z",
            "cost": 8,
            "client": 2,
            "articles": [],
            "menus": [
                3
            ]
        }
    },
    {
        "model": "qs.order",
        "pk": 3,
        "fields": {
            "status": "3",
            "date": "2022-06-03T15:47:46.315Z",
            "cost": 7,
            "client": 3,
            "articles": [
                1,
                3
            ],
            "menus": []
        }
    },
    {
        "model": "qs.order",
        "pk": 4,
        "fields": {
            "status": "4",
            "date": "2022-06-03T15:47:46.315Z",
            "cost": 6,
            "client": 4,
            "articles": [
                7
            ],
            "menus": []
        }
    },
    {
        "model": "qs.order",
        "pk": 5,
        "fields": {
            "status": "101",
            "date": "2022-06-03T15:47:46.315Z",
            "cost": 3,
            "client": 5,
            "articles": [
                2
            ],
            "menus": []
        }
    },
    {
        "model": "qs.order",
        "pk": 6,
        "fields": {
            "status": "3",
            "date": "2022-06-03T15:47:46.315Z",
            "cost": 7,
            "client": 3,
            "articles": [
                6
            ],
            "menus": []
        }
    },
    {
        "model": "qs.order",
        "pk": 7,
        "fields": {
            "status": "2",
            "date": "2022-06-03T15:47:46.315Z",
            "cost": 17,
            "client": 2,
            "articles": [
                10
            ],
            "menus": [
                6
            ]
        }
    }
]