[
    {
        "model": "qs.tag",
        "pk": 1,
        "fields": {
            "name": "Burger"
        }
    },
    {
        "model": "qs.tag",
        "pk": 2,
        "fields": {
            "name": "Drink"
        }
    },
    {
        "model": "qs.tag",
        "pk": 3,
        "fields": {
            "name": "Snack"
        }
    },
    {
        "model": "qs.tag",
        "pk": 4,
        "fields": {
            "name": "Sauce"
        }
    },
    {
        "model": "qs.tag",
        "pk": 5,
        "fields": {
            "name": "Meat"
        }
    },
    {
        "model": "qs.tag",
        "pk": 6,
        "fields": {
            "name": "Dessert"
        }
    },
    {
        "model": "qs.article",
        "pk": 1,
        "fields": {
            "name": "BigMac",
            "image": "bigmac.jpg",
            "description": "A classic",
            "price": 6,
            "restaurant": 7,
            "tag": [
                1,
                5
            ]
        }
    },
    {
        "model": "qs.article",
        "pk": 2,
        "fields": {
            "name": "McFlurry",
            "image": "mcflurry.jpg",
            "description": "An ice cream",
            "price": 3,
            "restaurant": 7,
            "tag": [
                6
            ]
        }
    },
    {
        "model": "qs.article",
        "pk": 3,
        "fields": {
            "name": "Coca cola",
            "image": "cocacola.jpg",
            "description": "The Americans love it",
            "price": 1,
            "restaurant": 7,
            "tag": [
                2
            ]
        }
    },
    {
        "model": "qs.article",
        "pk": 4,
        "fields": {
            "name": "Apple Pie",
            "image": "applepie.jpg",
            "description": "Can't believe Mc Donald serves this",
            "price": 2,
            "restaurant": 7,
            "tag": [
                6
            ]
        }
    },
    {
        "model": "qs.article",
        "pk": 5,
        "fields": {
            "name": "McChicken",
            "image": "mcchicken.jpg",
            "description": "Chicken sandwhich",
            "price": 4,
            "restaurant": 7,
            "tag": [
                1,
                5
            ]
        }
    },
    {
        "model": "qs.article",
        "pk": 6,
        "fields": {
            "name": "Whooper",
            "image": "whooper.jpg",
            "description": "This is a whooper",
            "price": 7,
            "restaurant": 6,
            "tag": [
                1,
                5
            ]
        }
    },
    {
        "model": "qs.article",
        "pk": 7,
        "fields": {
            "name": "Chicken nuggets",
            "image": "chickennuggets.jpg",
            "description": "Miam",
            "price": 6,
            "restaurant": 6,
            "tag": [
                3,
                5
            ]
        }
    },
    {
        "model": "qs.article",
        "pk": 8,
        "fields": {
            "name": "Fries",
            "image": "fries.jpg",
            "description": "Can't skip fries",
            "price": 2,
            "restaurant": 6,
            "tag": [
                3
            ]
        }
    },
    {
        "model": "qs.article",
        "pk": 9,
        "fields": {
            "name": "Pepsi",
            "image": "pepsi.png",
            "description": "Not Coca cola",
            "price": 1,
            "restaurant": 6,
            "tag": [
                2
            ]
        }
    },
    {
        "model": "qs.article",
        "pk": 10,
        "fields": {
            "name": "Ribs",
            "image": "ribs.jpg",
            "description": "It's some ribs",
            "price": 13,
            "restaurant": 8,
            "tag": [
                5
            ]
        }
    },
    {
        "model": "qs.article",
        "pk": 11,
        "fields": {
            "name": "Barbecue sauce",
            "image": "barbecuesauce.jpg",
            "description": "Add it to your ribs",
            "price": 0,
            "restaurant": 8,
            "tag": [
                4
            ]
        }
    },
    {
        "model": "qs.article",
        "pk": 12,
        "fields": {
            "name": "Ice tea",
            "image": "icetea.jpg",
            "description": "The only thing cold here",
            "price": 1,
            "restaurant": 8,
            "tag": [
                2
            ]
        }
    },
    {
        "model": "qs.article",
        "pk": 13,
        "fields": {
            "name": "Steak",
            "image": "steak.jpg",
            "description": "It's juicy",
            "price": 4,
            "restaurant": 8,
            "tag": [
                5
            ]
        }
    },
    {
        "model": "qs.article",
        "pk": 14,
        "fields": {
            "name": "Pulled pork burger",
            "image": "pulledporkburger.jpg",
            "description": "Greasy",
            "price": 3,
            "restaurant": 8,
            "tag": [
                1,
                5
            ]
        }
    },
    {
        "model": "qs.choice",
        "pk": 1,
        "fields": {
            "name": "Drink",
            "possibilities": [
                3
            ]
        }
    },
    {
        "model": "qs.choice",
        "pk": 2,
        "fields": {
            "name": "Burger",
            "possibilities": [
                1,
                5
            ]
        }
    },
    {
        "model": "qs.choice",
        "pk": 3,
        "fields": {
            "name": "Dessert",
            "possibilities": [
                2,
                4
            ]
        }
    },
    {
        "model": "qs.menu",
        "pk": 1,
        "fields": {
            "name": "Burger Menu",
            "image": "m_mcchicken.jpg",
            "description": "A drink, a burger and a dessert",
            "price": 9,
            "retaurant": 7,
            "choice": [
                1,
                2,
                3
            ],
            "tag": [
                1,
                2,
                5,
                6
            ]
        }
    },
    {
        "model": "qs.user",
        "pk": 1,
        "fields": {
            "password": "pbkdf2_sha256$390000$f8kmAJkfJOs6HgiM0AGAxI$dNTJfQfmm2SVRUqSu6mBoca61fc3jZVzwef6PqQTei4=",
            "last_login": "2022-09-03T14:13:29.666Z",
            "is_superuser": false,
            "username": "Deconsenry",
            "first_name": "Jacques",
            "last_name": "Sabourin",
            "email": "JacquesSabourin@rhyta.com",
            "is_staff": false,
            "is_active": true,
            "date_joined": "2022-09-03T14:13:05.241Z",
            "town": "PONTAULT-COMBAULT",
            "country": "France",
            "street": "88, rue de la Boétie",
            "avatar": null,
            "banner": null,
            "role": 0,
            "groups": [],
            "user_permissions": [],
            "articles": [],
            "menus": []
        }
    },
    {
        "model": "qs.user",
        "pk": 2,
        "fields": {
            "password": "pbkdf2_sha256$390000$SgW5EXhbx3RKF5ICcfgdDH$aKqWsc82JE9L4OpJQ9pTRK/X5uxfzxY2l+LENADEHz8=",
            "last_login": null,
            "is_superuser": false,
            "username": "Bable1977",
            "first_name": "Porter",
            "last_name": "Cartier",
            "email": "PorterCartier@armyspy.com",
            "is_staff": false,
            "is_active": true,
            "date_joined": "2022-09-03T14:15:03.908Z",
            "town": "MEUDON-LA-FORÊT",
            "country": "France",
            "street": "87, Rue St Ferréol",
            "avatar": null,
            "banner": null,
            "role": 0,
            "groups": [],
            "user_permissions": [],
            "articles": [],
            "menus": []
        }
    },
    {
        "model": "qs.user",
        "pk": 3,
        "fields": {
            "password": "pbkdf2_sha256$390000$zFTMHNMfdXcuFavt91cPic$pudFSKohhJWXsaR1IaCin4iakz2NhVBVk2R7pq1dvv8=",
            "last_login": null,
            "is_superuser": false,
            "username": "Recove",
            "first_name": "Soren",
            "last_name": "Authier",
            "email": "SorenAuthier@teleworm.us",
            "is_staff": false,
            "is_active": true,
            "date_joined": "2022-09-03T14:15:55.752Z",
            "town": "GOUSSAINVILLE",
            "country": "France",
            "street": "61, rue Jean-Monnet",
            "avatar": null,
            "banner": null,
            "role": 0,
            "groups": [],
            "user_permissions": [],
            "articles": [],
            "menus": []
        }
    },
    {
        "model": "qs.user",
        "pk": 4,
        "fields": {
            "password": "pbkdf2_sha256$390000$ai6H86BRtByG97islt8Pzu$TMijYOZVlL0hNJnmX0CaSTeM0W0frUQYb8uY2vC8RA8=",
            "last_login": null,
            "is_superuser": false,
            "username": "Boyer1937",
            "first_name": "Durandana",
            "last_name": "Lachance",
            "email": "DurandanaLachance@jourrapide.com",
            "is_staff": false,
            "is_active": true,
            "date_joined": "2022-09-03T14:16:23.978Z",
            "town": "LE ROBERT",
            "country": "France",
            "street": "2, rue Adolphe Wurtz",
            "avatar": null,
            "banner": null,
            "role": 0,
            "groups": [],
            "user_permissions": [],
            "articles": [],
            "menus": []
        }
    },
    {
        "model": "qs.user",
        "pk": 5,
        "fields": {
            "password": "pbkdf2_sha256$390000$ceQyMW0yEE8WutF3PaHozr$x85EqWDS2HOhHl2Zyn3BREuvmQLiboap3B/kKM9tBIg=",
            "last_login": null,
            "is_superuser": false,
            "username": "Pith1944",
            "first_name": "Roxanne",
            "last_name": "Lafond",
            "email": "RoxanneLafond@armyspy.com",
            "is_staff": false,
            "is_active": true,
            "date_joined": "2022-09-03T14:16:49.847Z",
            "town": "CHOISY-LE-ROI",
            "country": "France",
            "street": "74, rue Ernest Renan",
            "avatar": null,
            "banner": null,
            "role": 0,
            "groups": [],
            "user_permissions": [],
            "articles": [],
            "menus": []
        }
    },
    {
        "model": "qs.user",
        "pk": 6,
        "fields": {
            "password": "pbkdf2_sha256$390000$Dlsozcfth5I3uK6OGIiLmg$HVmUrIAiH/rSjPn/8vc9LS52+tQ5vAG4/OOZzCUU/Sc=",
            "last_login": null,
            "is_superuser": false,
            "username": "Burger King",
            "first_name": "Burger",
            "last_name": "King",
            "email": "burgerking@gmail.com",
            "is_staff": false,
            "is_active": true,
            "date_joined": "2022-09-03T14:17:14.643Z",
            "town": "VÉNISSIEUX",
            "country": "France",
            "street": "37, boulevard d'Alsace",
            "avatar": null,
            "banner": null,
            "role": 1,
            "groups": [],
            "user_permissions": [],
            "articles": [
                8,
                9,
                6,
                7
            ],
            "menus": []
        }
    },
    {
        "model": "qs.user",
        "pk": 7,
        "fields": {
            "password": "pbkdf2_sha256$390000$WOfE0dFp1erxlv2a09CB9K$8vDdh6KOGpD8pov9TKTFOB6TuDiuFjD6vd3pPCTFYPA=",
            "last_login": "2022-09-22T18:38:29.540Z",
            "is_superuser": false,
            "username": "McDonalds",
            "first_name": "Mc",
            "last_name": "Donalds",
            "email": "mcdonalds@gmail.com",
            "is_staff": false,
            "is_active": true,
            "date_joined": "2022-09-03T14:17:45.486Z",
            "town": "LE MANS",
            "country": "France",
            "street": "79, rue Goya",
            "avatar": null,
            "banner": null,
            "role": 1,
            "groups": [],
            "user_permissions": [],
            "articles": [
                1,
                2,
                3,
                4,
                5
            ],
            "menus": [
                1
            ]
        }
    },
    {
        "model": "qs.user",
        "pk": 8,
        "fields": {
            "password": "pbkdf2_sha256$390000$ugnLpaZcN6vUYpO8BlTP8l$UWdSnlQZY8BLTRtYdjbqqSoMwdrC9+9c2V4F3Xdb4/o=",
            "last_login": null,
            "is_superuser": false,
            "username": "Buffalo Grill",
            "first_name": "Buffalo",
            "last_name": "Grill",
            "email": "buffalogrill@gmail.com",
            "is_staff": false,
            "is_active": true,
            "date_joined": "2022-09-03T14:18:11.920Z",
            "town": "LE MANS",
            "country": "France",
            "street": "40, Chemin Des Bateliers",
            "avatar": null,
            "banner": null,
            "role": 1,
            "groups": [],
            "user_permissions": [],
            "articles": [
                10,
                11,
                12,
                13,
                14
            ],
            "menus": []
        }
    },
    {
        "model": "qs.user",
        "pk": 9,
        "fields": {
            "password": "pbkdf2_sha256$390000$1KqhK5MdLErcwKTWWMkt9F$wUTNlHbgWITMgvMkwfyfd2NI5B5SenwvzkzIWFIFKNM=",
            "last_login": "2022-09-10T10:20:41.142Z",
            "is_superuser": true,
            "username": "qs_admin",
            "first_name": "",
            "last_name": "",
            "email": "quacksnack@quack.snack",
            "is_staff": true,
            "is_active": true,
            "date_joined": "2022-09-05T17:07:37.998Z",
            "town": null,
            "country": null,
            "street": null,
            "avatar": null,
            "banner": null,
            "role": null,
            "groups": [],
            "user_permissions": [],
            "articles": [],
            "menus": []
        }
    },
    {
        "model": "qs.order",
        "pk": 1,
        "fields": {
            "status": "1",
            "date": "2022-06-03T15:47:46.315Z",
            "cost": 19,
            "client": 1,
            "restaurant": 7,
            "articles": [],
            "menus": [
                1
            ]
        }
    },
    {
        "model": "qs.order",
        "pk": 2,
        "fields": {
            "status": "2",
            "date": "2022-06-03T15:47:46.315Z",
            "cost": 8,
            "client": 2,
            "restaurant": 7,
            "articles": [],
            "menus": []
        }
    },
    {
        "model": "qs.order",
        "pk": 3,
        "fields": {
            "status": "3",
            "date": "2022-06-03T15:47:46.315Z",
            "cost": 7,
            "client": 3,
            "restaurant": 7,
            "articles": [
                1,
                3
            ],
            "menus": []
        }
    },
    {
        "model": "qs.order",
        "pk": 4,
        "fields": {
            "status": "4",
            "date": "2022-06-03T15:47:46.315Z",
            "cost": 6,
            "client": 4,
            "restaurant": 7,
            "articles": [
                7
            ],
            "menus": []
        }
    },
    {
        "model": "qs.order",
        "pk": 5,
        "fields": {
            "status": "101",
            "date": "2022-06-03T15:47:46.315Z",
            "cost": 3,
            "client": 5,
            "restaurant": 7,
            "articles": [
                2
            ],
            "menus": []
        }
    },
    {
        "model": "qs.order",
        "pk": 6,
        "fields": {
            "status": "3",
            "date": "2022-06-03T15:47:46.315Z",
            "cost": 7,
            "client": 3,
            "restaurant": 7,
            "articles": [
                6
            ],
            "menus": []
        }
    },
    {
        "model": "qs.order",
        "pk": 7,
        "fields": {
            "status": "2",
            "date": "2022-06-03T15:47:46.315Z",
            "cost": 17,
            "client": 2,
            "restaurant": 7,
            "articles": [
                10
            ],
            "menus": []
        }
    },
    {
        "model": "auth.permission",
        "pk": 1,
        "fields": {
            "name": "Can add user",
            "content_type": 1,
            "codename": "add_user"
        }
    },
    {
        "model": "auth.permission",
        "pk": 2,
        "fields": {
            "name": "Can change user",
            "content_type": 1,
            "codename": "change_user"
        }
    },
    {
        "model": "auth.permission",
        "pk": 3,
        "fields": {
            "name": "Can delete user",
            "content_type": 1,
            "codename": "delete_user"
        }
    },
    {
        "model": "auth.permission",
        "pk": 4,
        "fields": {
            "name": "Can view user",
            "content_type": 1,
            "codename": "view_user"
        }
    },
    {
        "model": "auth.permission",
        "pk": 5,
        "fields": {
            "name": "Can add article",
            "content_type": 2,
            "codename": "add_article"
        }
    },
    {
        "model": "auth.permission",
        "pk": 6,
        "fields": {
            "name": "Can change article",
            "content_type": 2,
            "codename": "change_article"
        }
    },
    {
        "model": "auth.permission",
        "pk": 7,
        "fields": {
            "name": "Can delete article",
            "content_type": 2,
            "codename": "delete_article"
        }
    },
    {
        "model": "auth.permission",
        "pk": 8,
        "fields": {
            "name": "Can view article",
            "content_type": 2,
            "codename": "view_article"
        }
    },
    {
        "model": "auth.permission",
        "pk": 9,
        "fields": {
            "name": "Can add choice",
            "content_type": 3,
            "codename": "add_choice"
        }
    },
    {
        "model": "auth.permission",
        "pk": 10,
        "fields": {
            "name": "Can change choice",
            "content_type": 3,
            "codename": "change_choice"
        }
    },
    {
        "model": "auth.permission",
        "pk": 11,
        "fields": {
            "name": "Can delete choice",
            "content_type": 3,
            "codename": "delete_choice"
        }
    },
    {
        "model": "auth.permission",
        "pk": 12,
        "fields": {
            "name": "Can view choice",
            "content_type": 3,
            "codename": "view_choice"
        }
    },
    {
        "model": "auth.permission",
        "pk": 13,
        "fields": {
            "name": "Can add menu",
            "content_type": 4,
            "codename": "add_menu"
        }
    },
    {
        "model": "auth.permission",
        "pk": 14,
        "fields": {
            "name": "Can change menu",
            "content_type": 4,
            "codename": "change_menu"
        }
    },
    {
        "model": "auth.permission",
        "pk": 15,
        "fields": {
            "name": "Can delete menu",
            "content_type": 4,
            "codename": "delete_menu"
        }
    },
    {
        "model": "auth.permission",
        "pk": 16,
        "fields": {
            "name": "Can view menu",
            "content_type": 4,
            "codename": "view_menu"
        }
    },
    {
        "model": "auth.permission",
        "pk": 17,
        "fields": {
            "name": "Can add tag",
            "content_type": 5,
            "codename": "add_tag"
        }
    },
    {
        "model": "auth.permission",
        "pk": 18,
        "fields": {
            "name": "Can change tag",
            "content_type": 5,
            "codename": "change_tag"
        }
    },
    {
        "model": "auth.permission",
        "pk": 19,
        "fields": {
            "name": "Can delete tag",
            "content_type": 5,
            "codename": "delete_tag"
        }
    },
    {
        "model": "auth.permission",
        "pk": 20,
        "fields": {
            "name": "Can view tag",
            "content_type": 5,
            "codename": "view_tag"
        }
    },
    {
        "model": "auth.permission",
        "pk": 21,
        "fields": {
            "name": "Can add order",
            "content_type": 6,
            "codename": "add_order"
        }
    },
    {
        "model": "auth.permission",
        "pk": 22,
        "fields": {
            "name": "Can change order",
            "content_type": 6,
            "codename": "change_order"
        }
    },
    {
        "model": "auth.permission",
        "pk": 23,
        "fields": {
            "name": "Can delete order",
            "content_type": 6,
            "codename": "delete_order"
        }
    },
    {
        "model": "auth.permission",
        "pk": 24,
        "fields": {
            "name": "Can view order",
            "content_type": 6,
            "codename": "view_order"
        }
    },
    {
        "model": "auth.permission",
        "pk": 25,
        "fields": {
            "name": "Can add log entry",
            "content_type": 7,
            "codename": "add_logentry"
        }
    },
    {
        "model": "auth.permission",
        "pk": 26,
        "fields": {
            "name": "Can change log entry",
            "content_type": 7,
            "codename": "change_logentry"
        }
    },
    {
        "model": "auth.permission",
        "pk": 27,
        "fields": {
            "name": "Can delete log entry",
            "content_type": 7,
            "codename": "delete_logentry"
        }
    },
    {
        "model": "auth.permission",
        "pk": 28,
        "fields": {
            "name": "Can view log entry",
            "content_type": 7,
            "codename": "view_logentry"
        }
    },
    {
        "model": "auth.permission",
        "pk": 29,
        "fields": {
            "name": "Can add permission",
            "content_type": 8,
            "codename": "add_permission"
        }
    },
    {
        "model": "auth.permission",
        "pk": 30,
        "fields": {
            "name": "Can change permission",
            "content_type": 8,
            "codename": "change_permission"
        }
    },
    {
        "model": "auth.permission",
        "pk": 31,
        "fields": {
            "name": "Can delete permission",
            "content_type": 8,
            "codename": "delete_permission"
        }
    },
    {
        "model": "auth.permission",
        "pk": 32,
        "fields": {
            "name": "Can view permission",
            "content_type": 8,
            "codename": "view_permission"
        }
    },
    {
        "model": "auth.permission",
        "pk": 33,
        "fields": {
            "name": "Can add group",
            "content_type": 9,
            "codename": "add_group"
        }
    },
    {
        "model": "auth.permission",
        "pk": 34,
        "fields": {
            "name": "Can change group",
            "content_type": 9,
            "codename": "change_group"
        }
    },
    {
        "model": "auth.permission",
        "pk": 35,
        "fields": {
            "name": "Can delete group",
            "content_type": 9,
            "codename": "delete_group"
        }
    },
    {
        "model": "auth.permission",
        "pk": 36,
        "fields": {
            "name": "Can view group",
            "content_type": 9,
            "codename": "view_group"
        }
    },
    {
        "model": "auth.permission",
        "pk": 37,
        "fields": {
            "name": "Can add content type",
            "content_type": 10,
            "codename": "add_contenttype"
        }
    },
    {
        "model": "auth.permission",
        "pk": 38,
        "fields": {
            "name": "Can change content type",
            "content_type": 10,
            "codename": "change_contenttype"
        }
    },
    {
        "model": "auth.permission",
        "pk": 39,
        "fields": {
            "name": "Can delete content type",
            "content_type": 10,
            "codename": "delete_contenttype"
        }
    },
    {
        "model": "auth.permission",
        "pk": 40,
        "fields": {
            "name": "Can view content type",
            "content_type": 10,
            "codename": "view_contenttype"
        }
    },
    {
        "model": "auth.permission",
        "pk": 41,
        "fields": {
            "name": "Can add session",
            "content_type": 11,
            "codename": "add_session"
        }
    },
    {
        "model": "auth.permission",
        "pk": 42,
        "fields": {
            "name": "Can change session",
            "content_type": 11,
            "codename": "change_session"
        }
    },
    {
        "model": "auth.permission",
        "pk": 43,
        "fields": {
            "name": "Can delete session",
            "content_type": 11,
            "codename": "delete_session"
        }
    },
    {
        "model": "auth.permission",
        "pk": 44,
        "fields": {
            "name": "Can view session",
            "content_type": 11,
            "codename": "view_session"
        }
    },
    {
        "model": "contenttypes.contenttype",
        "pk": 1,
        "fields": {
            "app_label": "qs",
            "model": "user"
        }
    },
    {
        "model": "contenttypes.contenttype",
        "pk": 2,
        "fields": {
            "app_label": "qs",
            "model": "article"
        }
    },
    {
        "model": "contenttypes.contenttype",
        "pk": 3,
        "fields": {
            "app_label": "qs",
            "model": "choice"
        }
    },
    {
        "model": "contenttypes.contenttype",
        "pk": 4,
        "fields": {
            "app_label": "qs",
            "model": "menu"
        }
    },
    {
        "model": "contenttypes.contenttype",
        "pk": 5,
        "fields": {
            "app_label": "qs",
            "model": "tag"
        }
    },
    {
        "model": "contenttypes.contenttype",
        "pk": 6,
        "fields": {
            "app_label": "qs",
            "model": "order"
        }
    },
    {
        "model": "contenttypes.contenttype",
        "pk": 7,
        "fields": {
            "app_label": "admin",
            "model": "logentry"
        }
    },
    {
        "model": "contenttypes.contenttype",
        "pk": 8,
        "fields": {
            "app_label": "auth",
            "model": "permission"
        }
    },
    {
        "model": "contenttypes.contenttype",
        "pk": 9,
        "fields": {
            "app_label": "auth",
            "model": "group"
        }
    },
    {
        "model": "contenttypes.contenttype",
        "pk": 10,
        "fields": {
            "app_label": "contenttypes",
            "model": "contenttype"
        }
    },
    {
        "model": "contenttypes.contenttype",
        "pk": 11,
        "fields": {
            "app_label": "sessions",
            "model": "session"
        }
    },
    {
        "model": "sessions.session",
        "pk": "20mzykdxaavjjye0rck857lg58yswgr1",
        "fields": {
            "session_data": ".eJxVjDsOwjAQBe_iGln-BMehpM8ZrF3vLg4gR4qTCnF3iJQC2jcz76USbGtJW-MlTaQuqlen3w0hP7jugO5Qb7POc12XCfWu6IM2Pc7Ez-vh_h0UaOVbC2YniJ1n8QhkI6ADM4iQOQN4EnYumojWddkHAUGKFBhgsDE46tX7AzYAOaE:1oax3m:toTz2mkH2uS905ExNUsALYKDXSYH5CI4U_6nA_53StM",
            "expire_date": "2022-10-05T10:34:30.414Z"
        }
    },
    {
        "model": "sessions.session",
        "pk": "yms0qb9rcq21tn559kexmi5uvoruj7lb",
        "fields": {
            "session_data": ".eJxVjDsOwjAQBe_iGln-BMehpM8ZrF3vLg4gR4qTCnF3iJQC2jcz76USbGtJW-MlTaQuqlen3w0hP7jugO5Qb7POc12XCfWu6IM2Pc7Ez-vh_h0UaOVbC2YniJ1n8QhkI6ADM4iQOQN4EnYumojWddkHAUGKFBhgsDE46tX7AzYAOaE:1obR5h:lEf3LjUleHYIN28N8H77hlkvHoAXVkX_9auR-Dba8jk",
            "expire_date": "2022-10-06T18:38:29.548Z"
        }
    }
]